title,filename,size_bytes,caption
University of Arizona,UoA.webp,30.9 KB,"comprehensive approach to captioning, emphasizing accessibility."
Arizona State University,asu.webp,26.6 KB,"Innovative, sustainable, and high employability of graduates"
Northern Arizona University,nau.webp,13.9 KB,"Strong programs in education, health professions, and astronomy"
Grand Canyon University,gcu.webp,80.5 KB,"Strong emphasis on Christian values, growing athletics programS"
University of Pennsylvania’s,uop.webp,50.8 KB,"Renowned for its academic excellence, interdisciplinary research, and influential alumni."
Northwestern University’s,nu.webp,26.5 KB,Long history of innovation in management education
Stanford University,su.webp,16.6 KB,"Strong programs in engineering, computer science, business, and the natural sciences."
University of Chicago ,uoc.webp,57.7 KB,"Emphasizing analytical thinking, economic principles, and empirical research."
MIT,mit.webp,28.9 KB,"a pioneer in developing influential ideas in management and financA,"
New York University ,nyu.webp,50.6 KB,"Rigorous academic programs, strong industry connections, and prime location."